0,siren,siren
1,cutting,cutting
2,truck_idling,truck_idling
3,car_idling,car_idling
4,fireworks,fireworks
5,talk,talk
6,drilling,drilling
7,rain,rain
8,airborne,airborne
9,steps,steps
10,music,music
11,river,river
12,alarm,alarm
13,dog,dog
14,Vwater,Vwater
15,car_moving,car_moving
16,wind,wind
17,crowd,crowd
18,motorcycle_idling,motorcycle_idling
19,impact,impact
20,braking,braking
21,bird,bird
22,motorcycle_moving,motorcycle_moving
23,waves,waves
24,bus_moving,bus_moving
25,bus_idling,bus_idling
26,horn,horn
27,shouting,shouting
28,truck_moving,truck_moving
